Title,Description,Link,Media URL,Publish date,Board,Keywords
Instant ID Photo in 3 Seconds | Professional Asian Female ID Photo Maker,"Need a perfect passport or visa photo instantly? Transform any casual portrait into a formal ID photo in just 3 seconds using our AI tool. Featuring automatic 2x3 grid layout for 4R printing. No app needed, instant use right in your browser! Perfect for passport photo, visa photo, ID photo, and DIY travel prep.",https://aiimagesstudio.com/?pin=1,http://aiimagesstudio.com/images/pins/2026/0807/id_photo_v1_asian_female.png,2026-08-08T09:00:00,AI Passport & ID Photo Maker,"passport photo, visa photo, ID photo, DIY travel, AI tools"
Instant ID Photo in 3 Seconds | Formal Caucasian Male Passport Photo,"Create a professional passport or visa photo from home. Our AI transforms casual portraits into official ID photos in 3 seconds with auto-layout for 4R printing (2x3 grid). Instant use, no app download required. Great for passport photo, visa photo, ID photo, DIY travel, and AI tools.",https://aiimagesstudio.com/?pin=2,http://aiimagesstudio.com/images/pins/2026/0807/id_photo_v2_caucasian_male.png,2026-08-08T20:00:00,AI Passport & ID Photo Maker,"passport photo, visa photo, ID photo, DIY travel, AI tools"
Instant ID Photo in 3 Seconds | Indian Female Professional ID & Visa Photo,"Get your passport photo, visa photo, or ID photo ready in 3 seconds with AI. Automatically formats into a 2x3 grid for easy 4R printing at home. No app needed, instant browser tool. Ideal for DIY travel documentation and quick ID creation using AI tools.",https://aiimagesstudio.com/?pin=3,http://aiimagesstudio.com/images/pins/2026/0807/id_photo_v3_indian_female.png,2026-08-09T03:00:00,AI Passport & ID Photo Maker,"passport photo, visa photo, ID photo, DIY travel, AI tools"
Instant ID Photo in 3 Seconds | Black Male Formal ID & Passport Photo,"Make official passport photos, visa photos, and ID photos in just 3 seconds. Features auto-layout for 4R printing (2x3 grid) so you can print at home. Instant use, no app required. Explore the best AI tools for DIY travel preparation and easy ID photo creation.",https://aiimagesstudio.com/?pin=4,http://aiimagesstudio.com/images/pins/2026/0807/id_photo_v4_black_male.png,2026-08-09T09:00:00,AI Passport & ID Photo Maker,"passport photo, visa photo, ID photo, DIY travel, AI tools"
Instant ID Photo in 3 Seconds | Hispanic Female Visa & Passport Photo Maker,"Looking for a fast passport photo or visa photo maker? Turn your portrait into a formal ID photo in 3 seconds. Includes auto 2x3 grid layout for 4R printing. No app needed, 100% online. Perfect for DIY travel, ID photos, and leveraging AI tools.",https://aiimagesstudio.com/?pin=5,http://aiimagesstudio.com/images/pins/2026/0807/id_photo_v5_hispanic_female.png,2026-08-09T20:00:00,AI Passport & ID Photo Maker,"passport photo, visa photo, ID photo, DIY travel, AI tools"
Instant ID Photo in 3 Seconds | Senior Professional ID & Passport Photo,"Create a formal ID photo, passport photo, or visa photo in 3 seconds with our advanced AI tool. Automatic 2x3 grid layout for 4R printing makes home printing effortless. No app needed, instant browser access for DIY travel needs.",https://aiimagesstudio.com/?pin=6,http://aiimagesstudio.com/images/pins/2026/0807/id_photo_v6_elderly_male.png,2026-08-10T03:00:00,AI Passport & ID Photo Maker,"passport photo, visa photo, ID photo, DIY travel, AI tools"
Instant ID Photo in 3 Seconds | Middle Eastern Male Formal Passport Photo,"Generate your passport photo, visa photo, or ID photo instantly in 3 seconds. Features smart 2x3 grid layout for 4R printing. No app needed, instant web-based tool. Essential for DIY travel planning and professional ID photo creation using AI tools.",https://aiimagesstudio.com/?pin=7,http://aiimagesstudio.com/images/pins/2026/0807/id_photo_v7_middle_eastern_male.png,2026-08-10T09:00:00,AI Passport & ID Photo Maker,"passport photo, visa photo, ID photo, DIY travel, AI tools"
Instant ID Photo in 3 Seconds | Blonde Female Professional ID & Visa Photo,"Transform any casual picture into an official passport photo or visa photo in 3 seconds. Includes automatic 2x3 grid layout for 4R photo printing. Instant browser use, no app needed. Ideal for DIY travel and quick ID photo generation.",https://aiimagesstudio.com/?pin=8,http://aiimagesstudio.com/images/pins/2026/0807/id_photo_v8_blonde_female.png,2026-08-10T20:00:00,AI Passport & ID Photo Maker,"passport photo, visa photo, ID photo, DIY travel, AI tools"
Instant ID Photo in 3 Seconds | East Asian Male Formal ID Photo Creator,"Need a passport photo or visa photo right now? Get a formal ID photo in 3 seconds with AI. Features 2x3 grid auto-layout for 4R printing. No app needed, instant use. Perfect for DIY travel preparation and professional ID creation.",https://aiimagesstudio.com/?pin=9,http://aiimagesstudio.com/images/pins/2026/0807/id_photo_v9_east_asian_male.png,2026-08-11T03:00:00,AI Passport & ID Photo Maker,"passport photo, visa photo, ID photo, DIY travel, AI tools"
Instant ID Photo in 3 Seconds | Southeast Asian Female Passport & Visa Photo,"Create perfect passport photos, visa photos, and ID photos in 3 seconds. Automatically arranges photos into a 2x3 grid for 4R printing. No app needed, instant browser tool. The ultimate AI tool for DIY travel documentation.",https://aiimagesstudio.com/?pin=10,http://aiimagesstudio.com/images/pins/2026/0807/id_photo_v10_southeast_asian_female.png,2026-08-11T09:00:00,AI Passport & ID Photo Maker,"passport photo, visa photo, ID photo, DIY travel, AI tools"
Instant ID Photo in 3 Seconds | Latin American Male Formal ID & Visa Photo,"Transform your selfie into a professional passport photo or visa photo in 3 seconds. Smart 2x3 grid auto-layout for 4R printing. No app needed, instant use. Great for DIY travel prep and professional ID photos using AI tools.",https://aiimagesstudio.com/?pin=11,http://aiimagesstudio.com/images/pins/2026/0807/instant_id_v1_latam_male.png,2026-08-11T20:00:00,AI Passport & ID Photo Maker,"passport photo, visa photo, ID photo, DIY travel, AI tools"
Instant ID Photo in 3 Seconds | Professional East Asian Female ID Maker,"Get a formal ID photo, passport photo, or visa photo in 3 seconds with AI. Features auto-layout for 4R printing (2x3 grid). Instant browser use, no app needed. Perfect for DIY travel planning and quick ID photo creation.",https://aiimagesstudio.com/?pin=12,http://aiimagesstudio.com/images/pins/2026/0807/instant_id_v2_east_asian_female.png,2026-08-12T03:00:00,AI Passport & ID Photo Maker,"passport photo, visa photo, ID photo, DIY travel, AI tools"
Instant ID Photo in 3 Seconds | African Female Formal Passport & Visa Photo,"Create professional passport photos, visa photos, and ID photos in 3 seconds. Automatic 2x3 grid layout for easy 4R printing. No app needed, instant online tool. Ideal for DIY travel documentation and AI-powered ID generation.",https://aiimagesstudio.com/?pin=13,http://aiimagesstudio.com/images/pins/2026/0807/instant_id_v3_african_female.png,2026-08-12T09:00:00,AI Passport & ID Photo Maker,"passport photo, visa photo, ID photo, DIY travel, AI tools"
Instant ID Photo in 3 Seconds | Caucasian Female Professional ID Photo,"Transform any casual portrait into an official passport photo or visa photo in 3 seconds. Includes 2x3 grid auto-layout for 4R printing. Instant use, no app required. Perfect for DIY travel and professional ID photo needs.",https://aiimagesstudio.com/?pin=14,http://aiimagesstudio.com/images/pins/2026/0807/instant_id_v4_caucasian_female.png,2026-08-12T20:00:00,AI Passport & ID Photo Maker,"passport photo, visa photo, ID photo, DIY travel, AI tools"
Instant ID Photo in 3 Seconds | Middle Eastern Female Visa & ID Photo Maker,"Need a passport photo or visa photo instantly? Generate a formal ID photo in 3 seconds using AI. Features 2x3 grid auto-layout for 4R printing. No app needed, instant browser tool for DIY travel preparation.",https://aiimagesstudio.com/?pin=15,http://aiimagesstudio.com/images/pins/2026/0807/instant_id_v5_middle_eastern_female.png,2026-08-13T03:00:00,AI Passport & ID Photo Maker,"passport photo, visa photo, ID photo, DIY travel, AI tools"
Instant ID Photo in 3 Seconds | Elderly Asian Female Formal Passport Photo,"Create a professional passport photo, visa photo, or ID photo in 3 seconds. Automatic 2x3 grid layout for 4R printing makes printing at home simple. No app needed, instant browser access. Essential for DIY travel.",https://aiimagesstudio.com/?pin=16,http://aiimagesstudio.com/images/pins/2026/0807/instant_id_v6_elderly_asian_female.png,2026-08-13T09:00:00,AI Passport & ID Photo Maker,"passport photo, visa photo, ID photo, DIY travel, AI tools"
Instant ID Photo in 3 Seconds | South Asian Male Professional ID & Visa Photo,"Make official passport photos, visa photos, and ID photos in just 3 seconds with AI. Smart 2x3 grid layout for 4R printing. Instant use, no app needed. The best AI tool for DIY travel and quick ID photo creation.",https://aiimagesstudio.com/?pin=17,http://aiimagesstudio.com/images/pins/2026/0807/instant_id_v7_south_asian_male.png,2026-08-13T20:00:00,AI Passport & ID Photo Maker,"passport photo, visa photo, ID photo, DIY travel, AI tools"
Instant ID Photo in 3 Seconds | African Male Formal Passport & ID Photo,"Transform casual photos into a professional passport photo or visa photo in 3 seconds. Features auto-layout for 4R printing (2x3 grid). No app required, instant online tool. Perfect for DIY travel and AI photo tools.",https://aiimagesstudio.com/?pin=18,http://aiimagesstudio.com/images/pins/2026/0807/instant_id_v8_african_male.png,2026-08-14T03:00:00,AI Passport & ID Photo Maker,"passport photo, visa photo, ID photo, DIY travel, AI tools"
Instant ID Photo in 3 Seconds | Young Caucasian Female Visa & ID Photo,"Get your passport photo, visa photo, or ID photo in 3 seconds using AI. Automatically arranges photos into a 2x3 grid for 4R printing. Instant browser use, no app needed. Ideal for DIY travel documentation.",https://aiimagesstudio.com/?pin=19,http://aiimagesstudio.com/images/pins/2026/0807/instant_id_v9_caucasian_female_young.png,2026-08-14T09:00:00,AI Passport & ID Photo Maker,"passport photo, visa photo, ID photo, DIY travel, AI tools"
Instant ID Photo in 3 Seconds | Hispanic Male Formal Passport & ID Photo,"Create a formal ID photo, passport photo, or visa photo in 3 seconds with AI. Includes 2x3 grid auto-layout for 4R printing. No app needed, instant web tool. Perfect for DIY travel preparation and professional ID creation.",https://aiimagesstudio.com/?pin=20,http://aiimagesstudio.com/images/pins/2026/0807/instant_id_v10_hispanic_male.png,2026-08-14T20:00:00,AI Passport & ID Photo Maker,"passport photo, visa photo, ID photo, DIY travel, AI tools"
Instant ID Photo in 3 Seconds | Southeast Asian Male Professional ID Photo,"Transform any portrait into a formal passport photo or visa photo in 3 seconds. Smart 2x3 grid layout for 4R printing. Instant use, no app required. Essential for DIY travel and fast AI photo generation.",https://aiimagesstudio.com/?pin=21,http://aiimagesstudio.com/images/pins/2026/0807/instant_id_v11_se_asian_male.png,2026-08-15T03:00:00,AI Passport & ID Photo Maker,"passport photo, visa photo, ID photo, DIY travel, AI tools"
Instant ID Photo in 3 Seconds | Elderly Caucasian Male Formal Passport Photo,"Need a passport photo or visa photo? Generate an official ID photo in 3 seconds with AI. Features auto-layout for 4R printing (2x3 grid). Instant browser tool, no app needed. Great for DIY travel needs.",https://aiimagesstudio.com/?pin=22,http://aiimagesstudio.com/images/pins/2026/0807/instant_id_v12_elderly_caucasian_male.png,2026-08-15T09:00:00,AI Passport & ID Photo Maker,"passport photo, visa photo, ID photo, DIY travel, AI tools"
Instant ID Photo in 3 Seconds | Mixed Race Female Professional ID & Visa Photo,"Create perfect passport photos, visa photos, and ID photos in 3 seconds. Automatic 2x3 grid layout for easy 4R printing. No app needed, instant online tool. Ideal for DIY travel documentation and AI photo tools.",https://aiimagesstudio.com/?pin=23,http://aiimagesstudio.com/images/pins/2026/0807/instant_id_v13_mixed_race_female.png,2026-08-15T20:00:00,AI Passport & ID Photo Maker,"passport photo, visa photo, ID photo, DIY travel, AI tools"
Instant ID Photo in 3 Seconds | South Asian Female Formal ID & Passport Photo,"Make official passport photos, visa photos, and ID photos in just 3 seconds. Smart 2x3 grid layout for 4R printing. Instant use, no app required. The ultimate AI tool for DIY travel and quick ID photo generation.",https://aiimagesstudio.com/?pin=24,http://aiimagesstudio.com/images/pins/2026/0807/instant_id_v14_south_asian_female.png,2026-08-16T03:00:00,AI Passport & ID Photo Maker,"passport photo, visa photo, ID photo, DIY travel, AI tools"
Instant ID Photo in 3 Seconds | Young African Male Professional ID Photo,"Transform casual photos into a professional passport photo or visa photo in 3 seconds. Features auto-layout for 4R printing (2x3 grid). No app needed, instant browser tool. Perfect for DIY travel and AI tools.",https://aiimagesstudio.com/?pin=25,http://aiimagesstudio.com/images/pins/2026/0807/instant_id_v15_african_male_young.png,2026-08-16T09:00:00,AI Passport & ID Photo Maker,"passport photo, visa photo, ID photo, DIY travel, AI tools"
Instant ID Photo in 3 Seconds | Middle Eastern Female Professional Visa Photo,"Get your passport photo, visa photo, or ID photo in 3 seconds using AI. Automatically arranges photos into a 2x3 grid for 4R printing. Instant browser use, no app needed. Ideal for DIY travel preparation.",https://aiimagesstudio.com/?pin=26,http://aiimagesstudio.com/images/pins/2026/0807/instant_id_v16_middle_eastern_female_professional.png,2026-08-16T20:00:00,AI Passport & ID Photo Maker,"passport photo, visa photo, ID photo, DIY travel, AI tools"
Instant ID Photo in 3 Seconds | Young Hispanic Male Formal Passport Photo,"Create a formal ID photo, passport photo, or visa photo in 3 seconds with AI. Includes 2x3 grid auto-layout for 4R printing. No app needed, instant web tool. Perfect for DIY travel and professional ID creation.",https://aiimagesstudio.com/?pin=27,http://aiimagesstudio.com/images/pins/2026/0807/instant_id_v17_hispanic_male_young.png,2026-08-17T03:00:00,AI Passport & ID Photo Maker,"passport photo, visa photo, ID photo, DIY travel, AI tools"
Instant ID Photo in 3 Seconds | Senior African Female Professional ID Photo,"Transform any portrait into a formal passport photo or visa photo in 3 seconds. Smart 2x3 grid layout for 4R printing. Instant use, no app required. Essential for DIY travel and fast AI photo generation.",https://aiimagesstudio.com/?pin=28,http://aiimagesstudio.com/images/pins/2026/0807/instant_id_v18_african_female_senior.png,2026-08-17T09:00:00,AI Passport & ID Photo Maker,"passport photo, visa photo, ID photo, DIY travel, AI tools"
